frame_idx,frame_name,detector_ran,track_id,is_new_track,track_hits,reused_previous_result,detection_id,x1,y1,x2,y2,det_score,health_executed,health_label,health_confidence,prob_healthy,prob_unhealthy,maturity_executed,usda_stage,maturity_percent,maturity_confidence,maturity_warning,crop_sec,health_sec,maturity_sec,detection_pipeline_sec,propagated
0,video_02_frame_000000,True,1,True,1,False,1,411,652,623,858,0.9599406123161316,True,healthy,0.9685794711112976,0.9685794711112976,0.031420592218637466,True,red,99.66,0.999,,7.987022399902344e-05,0.06524467468261719,0.3860507011413574,0.45137524604797363,False
0,video_02_frame_000000,True,2,True,1,False,2,500,489,682,679,0.9460235834121704,True,healthy,0.44449979066848755,0.44449979066848755,0.5555001497268677,True,red,98.85,0.992,,9.083747863769531e-05,0.058611392974853516,0.4252173900604248,0.483919620513916,False
0,video_02_frame_000000,True,3,True,1,False,3,298,490,500,690,0.9453297853469849,True,healthy,0.9693148732185364,0.9693148732185364,0.030685119330883026,True,red,97.74,0.985,,6.437301635742188e-05,0.06461763381958008,0.3964412212371826,0.4611232280731201,False
0,video_02_frame_000000,True,4,True,1,False,4,576,326,718,464,0.900318443775177,True,healthy,0.9983641505241394,0.9983641505241394,0.0016359012806788087,True,light_red,67.02,0.884,,4.076957702636719e-05,0.08025884628295898,0.17531371116638184,0.2556133270263672,False
0,video_02_frame_000000,True,5,True,1,False,5,615,435,720,596,0.83503258228302,True,healthy,0.9572108387947083,0.9572108387947083,0.042789217084646225,True,red,89.9,0.917,,0.0001125335693359375,0.07433414459228516,0.21686816215515137,0.29131484031677246,False
13,video_02_frame_000013,True,2,False,2,True,1,458,483,648,676,0.9581747055053711,False,healthy,0.44449979066848755,0.44449979066848755,0.5555001497268677,False,red,98.85,0.992,,0.0,0.0,0.0,0.0,False
13,video_02_frame_000013,True,1,False,2,True,2,368,647,580,857,0.9534012675285339,False,healthy,0.9685794711112976,0.9685794711112976,0.031420592218637466,False,red,99.66,0.999,,0.0,0.0,0.0,0.0,False
13,video_02_frame_000013,True,3,False,2,True,3,254,477,460,689,0.9404054880142212,False,healthy,0.9693148732185364,0.9693148732185364,0.030685119330883026,False,red,97.74,0.985,,0.0,0.0,0.0,0.0,False
13,video_02_frame_000013,True,6,True,1,False,4,619,560,720,770,0.9119415879249573,True,healthy,0.7839257121086121,0.7839257121086121,0.21607425808906555,True,light_red,81.29,0.72,segmentacion_pobre_o_fondo_excesivo,5.936622619628906e-05,0.0649867057800293,0.19997859001159668,0.26502466201782227,False
13,video_02_frame_000013,True,5,False,2,True,5,578,427,720,583,0.8983621001243591,False,healthy,0.9572108387947083,0.9572108387947083,0.042789217084646225,False,red,89.9,0.917,,0.0,0.0,0.0,0.0,False
13,video_02_frame_000013,True,4,False,2,True,6,544,315,705,459,0.8657805919647217,False,healthy,0.9983641505241394,0.9983641505241394,0.0016359012806788087,False,light_red,67.02,0.884,,0.0,0.0,0.0,0.0,False
26,video_02_frame_000026,True,1,False,3,True,1,315,652,537,868,0.9686514735221863,False,healthy,0.9685794711112976,0.9685794711112976,0.031420592218637466,False,red,99.66,0.999,,0.0,0.0,0.0,0.0,False
26,video_02_frame_000026,True,2,False,3,True,2,412,480,600,677,0.951483964920044,False,healthy,0.44449979066848755,0.44449979066848755,0.5555001497268677,False,red,98.85,0.992,,0.0,0.0,0.0,0.0,False
26,video_02_frame_000026,True,3,False,3,True,3,197,478,411,690,0.9480150938034058,False,healthy,0.9693148732185364,0.9693148732185364,0.030685119330883026,False,red,97.74,0.985,,0.0,0.0,0.0,0.0,False
26,video_02_frame_000026,True,6,False,2,True,4,577,557,720,769,0.9244962334632874,False,healthy,0.7839257121086121,0.7839257121086121,0.21607425808906555,False,light_red,81.29,0.72,segmentacion_pobre_o_fondo_excesivo,0.0,0.0,0.0,0.0,False
26,video_02_frame_000026,True,5,False,3,True,5,535,422,707,589,0.9033412337303162,False,healthy,0.9572108387947083,0.9572108387947083,0.042789217084646225,False,red,89.9,0.917,,0.0,0.0,0.0,0.0,False
39,video_02_frame_000039,True,1,False,4,True,1,260,640,486,867,0.9808521866798401,False,healthy,0.9685794711112976,0.9685794711112976,0.031420592218637466,False,red,99.66,0.999,,0.0,0.0,0.0,0.0,False
39,video_02_frame_000039,True,2,False,4,True,2,360,464,556,669,0.9673315286636353,False,healthy,0.44449979066848755,0.44449979066848755,0.5555001497268677,False,red,98.85,0.992,,0.0,0.0,0.0,0.0,False
39,video_02_frame_000039,True,3,False,4,True,3,140,476,359,682,0.9451794028282166,False,healthy,0.9693148732185364,0.9693148732185364,0.030685119330883026,False,red,97.74,0.985,,0.0,0.0,0.0,0.0,False
39,video_02_frame_000039,True,6,False,3,True,4,527,543,720,762,0.9310474395751953,False,healthy,0.7839257121086121,0.7839257121086121,0.21607425808906555,False,light_red,81.29,0.72,segmentacion_pobre_o_fondo_excesivo,0.0,0.0,0.0,0.0,False
39,video_02_frame_000039,True,5,False,4,True,5,491,405,663,581,0.8970726728439331,False,healthy,0.9572108387947083,0.9572108387947083,0.042789217084646225,False,red,89.9,0.917,,0.0,0.0,0.0,0.0,False
39,video_02_frame_000039,True,7,True,1,False,6,46,523,168,692,0.8187025189399719,True,healthy,0.9996706247329712,0.9996706247329712,0.0003294066700618714,True,red,93.54,0.954,,7.081031799316406e-05,0.06700396537780762,0.2503931522369385,0.31746792793273926,False
39,video_02_frame_000039,True,8,True,1,False,7,56,654,267,783,0.809259295463562,True,healthy,0.995240330696106,0.995240330696106,0.004759711213409901,True,red,93.38,0.714,segmentacion_pobre_o_fondo_excesivo,4.506111145019531e-05,0.06605052947998047,0.4349946975708008,0.5010902881622314,False
39,video_02_frame_000039,True,4,False,3,True,8,468,284,624,432,0.8016085028648376,False,healthy,0.9983641505241394,0.9983641505241394,0.0016359012806788087,False,light_red,67.02,0.884,,0.0,0.0,0.0,0.0,False
52,video_02_frame_000052,True,1,False,5,True,1,194,641,433,882,0.9852576851844788,False,healthy,0.9685794711112976,0.9685794711112976,0.031420592218637466,False,red,99.66,0.999,,0.0,0.0,0.0,0.0,False
52,video_02_frame_000052,True,2,False,5,True,2,299,456,503,667,0.9714544415473938,False,healthy,0.44449979066848755,0.44449979066848755,0.5555001497268677,False,red,98.85,0.992,,0.0,0.0,0.0,0.0,False
52,video_02_frame_000052,True,6,False,4,True,3,477,536,699,765,0.9577518105506897,False,healthy,0.7839257121086121,0.7839257121086121,0.21607425808906555,False,light_red,81.29,0.72,segmentacion_pobre_o_fondo_excesivo,0.0,0.0,0.0,0.0,False
52,video_02_frame_000052,True,3,False,5,True,4,66,471,294,685,0.9491230845451355,False,healthy,0.9693148732185364,0.9693148732185364,0.030685119330883026,False,red,97.74,0.985,,0.0,0.0,0.0,0.0,False
52,video_02_frame_000052,True,5,False,5,True,5,448,391,618,565,0.9112594723701477,False,healthy,0.9572108387947083,0.9572108387947083,0.042789217084646225,False,red,89.9,0.917,,0.0,0.0,0.0,0.0,False
52,video_02_frame_000052,True,9,True,1,False,6,3,736,225,968,0.864758312702179,True,unhealthy,0.8470130562782288,0.15298698842525482,0.8470130562782288,False,,,,,9.751319885253906e-05,0.06696224212646484,0.0,0.06705975532531738,False
52,video_02_frame_000052,True,10,True,1,False,7,430,947,657,1058,0.8260726928710938,True,healthy,0.9629281163215637,0.9629281163215637,0.0370718389749527,True,red,87.66,0.867,,7.653236389160156e-05,0.0610959529876709,0.20611834526062012,0.2672908306121826,False
65,video_02_frame_000065,True,1,False,6,True,1,132,656,380,911,0.9899827837944031,False,healthy,0.9685794711112976,0.9685794711112976,0.031420592218637466,False,red,99.66,0.999,,0.0,0.0,0.0,0.0,False
65,video_02_frame_000065,True,6,False,5,True,2,426,545,671,782,0.9829441905021667,False,healthy,0.7839257121086121,0.7839257121086121,0.21607425808906555,False,light_red,81.29,0.72,segmentacion_pobre_o_fondo_excesivo,0.0,0.0,0.0,0.0,False
65,video_02_frame_000065,True,2,False,6,True,3,241,462,458,682,0.9701279401779175,False,healthy,0.44449979066848755,0.44449979066848755,0.5555001497268677,False,red,98.85,0.992,,0.0,0.0,0.0,0.0,False
65,video_02_frame_000065,True,3,False,6,True,4,0,462,238,699,0.9602710604667664,False,healthy,0.9693148732185364,0.9693148732185364,0.030685119330883026,False,red,97.74,0.985,,0.0,0.0,0.0,0.0,False
65,video_02_frame_000065,True,5,False,6,True,5,397,391,581,573,0.9241471886634827,False,healthy,0.9572108387947083,0.9572108387947083,0.042789217084646225,False,red,89.9,0.917,,0.0,0.0,0.0,0.0,False
65,video_02_frame_000065,True,9,False,2,True,6,0,770,169,1008,0.908806562423706,False,unhealthy,0.8470130562782288,0.15298698842525482,0.8470130562782288,False,,,,,0.0,0.0,0.0,0.0,False
65,video_02_frame_000065,True,10,False,2,True,7,374,982,610,1110,0.8623896241188049,False,healthy,0.9629281163215637,0.9629281163215637,0.0370718389749527,False,red,87.66,0.867,,0.0,0.0,0.0,0.0,False
65,video_02_frame_000065,True,4,False,4,True,8,385,261,548,411,0.8097524046897888,False,healthy,0.9983641505241394,0.9983641505241394,0.0016359012806788087,False,light_red,67.02,0.884,,0.0,0.0,0.0,0.0,False
78,video_02_frame_000078,True,1,False,7,True,1,41,673,301,940,0.9906626343727112,False,healthy,0.9685794711112976,0.9685794711112976,0.031420592218637466,False,red,99.66,0.999,,0.0,0.0,0.0,0.0,False
78,video_02_frame_000078,True,6,False,6,True,2,356,555,603,802,0.9840913414955139,False,healthy,0.7839257121086121,0.7839257121086121,0.21607425808906555,False,light_red,81.29,0.72,segmentacion_pobre_o_fondo_excesivo,0.0,0.0,0.0,0.0,False
78,video_02_frame_000078,True,2,False,7,True,3,159,466,387,701,0.9621303677558899,False,healthy,0.44449979066848755,0.44449979066848755,0.5555001497268677,False,red,98.85,0.992,,0.0,0.0,0.0,0.0,False
78,video_02_frame_000078,True,10,False,3,True,4,280,1023,532,1173,0.9313740134239197,False,healthy,0.9629281163215637,0.9629281163215637,0.0370718389749527,False,red,87.66,0.867,,0.0,0.0,0.0,0.0,False
78,video_02_frame_000078,True,5,False,7,True,5,334,391,518,590,0.9310080409049988,False,healthy,0.9572108387947083,0.9572108387947083,0.042789217084646225,False,red,89.9,0.917,,0.0,0.0,0.0,0.0,False
78,video_02_frame_000078,True,11,True,1,False,6,518,975,720,1159,0.8786922693252563,True,healthy,0.39751386642456055,0.39751386642456055,0.6024860739707947,True,red,98.85,0.993,,7.176399230957031e-05,0.06021523475646973,0.5314803123474121,0.5917673110961914,False
78,video_02_frame_000078,True,3,False,7,True,7,0,467,153,729,0.8358367681503296,False,healthy,0.9693148732185364,0.9693148732185364,0.030685119330883026,False,red,97.74,0.985,,0.0,0.0,0.0,0.0,False
78,video_02_frame_000078,True,4,False,5,True,8,327,256,495,410,0.8042232990264893,False,healthy,0.9983641505241394,0.9983641505241394,0.0016359012806788087,False,light_red,67.02,0.884,,0.0,0.0,0.0,0.0,False
91,video_02_frame_000091,True,2,False,8,True,1,57,460,300,707,0.9862804412841797,False,healthy,0.44449979066848755,0.44449979066848755,0.5555001497268677,False,red,98.85,0.992,,0.0,0.0,0.0,0.0,False
91,video_02_frame_000091,True,6,False,7,True,2,275,547,521,804,0.980510413646698,False,healthy,0.7839257121086121,0.7839257121086121,0.21607425808906555,False,light_red,81.29,0.72,segmentacion_pobre_o_fondo_excesivo,0.0,0.0,0.0,0.0,False
91,video_02_frame_000091,True,1,False,8,True,3,0,679,208,955,0.9745758175849915,False,healthy,0.9685794711112976,0.9685794711112976,0.031420592218637466,False,red,99.66,0.999,,0.0,0.0,0.0,0.0,False
91,video_02_frame_000091,True,10,False,4,True,4,171,1034,436,1194,0.9307693243026733,False,healthy,0.9629281163215637,0.9629281163215637,0.0370718389749527,False,red,87.66,0.867,,0.0,0.0,0.0,0.0,False
91,video_02_frame_000091,True,11,False,2,True,5,585,875,720,1069,0.9086015820503235,False,healthy,0.39751386642456055,0.39751386642456055,0.6024860739707947,False,red,98.85,0.993,,0.0,0.0,0.0,0.0,False
91,video_02_frame_000091,True,12,True,1,False,6,430,983,684,1180,0.8834015727043152,True,unhealthy,0.7989471554756165,0.20105279982089996,0.7989471554756165,False,,,,,0.00011014938354492188,0.07425475120544434,0.0,0.07436490058898926,False
91,video_02_frame_000091,True,5,False,8,True,7,259,384,442,561,0.8675055503845215,False,healthy,0.9572108387947083,0.9572108387947083,0.042789217084646225,False,red,89.9,0.917,,0.0,0.0,0.0,0.0,False
104,video_02_frame_000104,True,6,False,8,True,1,184,571,445,832,0.9731754660606384,False,healthy,0.7839257121086121,0.7839257121086121,0.21607425808906555,False,light_red,81.29,0.72,segmentacion_pobre_o_fondo_excesivo,0.0,0.0,0.0,0.0,False
104,video_02_frame_000104,True,3,False,8,True,2,0,484,210,737,0.9724606275558472,False,healthy,0.9693148732185364,0.9693148732185364,0.030685119330883026,False,red,97.74,0.985,,0.0,0.0,0.0,0.0,False
104,video_02_frame_000104,True,10,False,5,True,3,72,1082,343,1254,0.9619330167770386,False,healthy,0.9629281163215637,0.9629281163215637,0.0370718389749527,False,red,87.66,0.867,,0.0,0.0,0.0,0.0,False
104,video_02_frame_000104,True,13,True,1,False,4,595,518,720,721,0.9478532075881958,True,unhealthy,0.999474823474884,0.0005251431139186025,0.999474823474884,False,,,,,5.7220458984375e-05,0.06406021118164062,0.0,0.064117431640625,False
104,video_02_frame_000104,True,11,False,3,True,5,503,904,718,1108,0.9298323392868042,False,healthy,0.39751386642456055,0.39751386642456055,0.6024860739707947,False,red,98.85,0.993,,0.0,0.0,0.0,0.0,False
104,video_02_frame_000104,True,9,False,3,True,6,0,708,120,991,0.926741361618042,False,unhealthy,0.8470130562782288,0.15298698842525482,0.8470130562782288,False,,,,,0.0,0.0,0.0,0.0,False
104,video_02_frame_000104,True,14,True,1,False,7,554,314,700,411,0.8955790996551514,True,healthy,0.9983077049255371,0.9983077049255371,0.0016923139337450266,True,red,99.86,0.999,,4.38690185546875e-05,0.06628561019897461,0.15509605407714844,0.22142553329467773,False
104,video_02_frame_000104,True,12,False,2,True,8,334,1021,595,1231,0.877325177192688,False,unhealthy,0.7989471554756165,0.20105279982089996,0.7989471554756165,False,,,,,0.0,0.0,0.0,0.0,False
104,video_02_frame_000104,True,15,True,1,False,9,192,257,369,416,0.8044919967651367,True,healthy,0.9277142286300659,0.9277142286300659,0.07228584587574005,True,light_red,62.35,0.901,,4.6253204345703125e-05,0.0650782585144043,0.4028627872467041,0.4679872989654541,False
117,video_02_frame_000117,True,6,False,9,True,1,120,592,380,850,0.9815846681594849,False,healthy,0.7839257121086121,0.7839257121086121,0.21607425808906555,False,light_red,81.29,0.72,segmentacion_pobre_o_fondo_excesivo,0.0,0.0,0.0,0.0,False
117,video_02_frame_000117,True,3,False,9,True,2,0,505,148,761,0.9643480181694031,False,healthy,0.9693148732185364,0.9693148732185364,0.030685119330883026,False,red,97.74,0.985,,0.0,0.0,0.0,0.0,False
117,video_02_frame_000117,True,13,False,2,True,3,537,530,720,730,0.9616091251373291,False,unhealthy,0.999474823474884,0.0005251431139186025,0.999474823474884,False,,,,,0.0,0.0,0.0,0.0,False
117,video_02_frame_000117,True,10,False,6,True,4,4,1106,273,1275,0.9336525797843933,False,healthy,0.9629281163215637,0.9629281163215637,0.0370718389749527,False,red,87.66,0.867,,0.0,0.0,0.0,0.0,False
117,video_02_frame_000117,True,11,False,4,True,5,438,918,717,1137,0.9294394254684448,False,healthy,0.39751386642456055,0.39751386642456055,0.6024860739707947,False,red,98.85,0.993,,0.0,0.0,0.0,0.0,False
117,video_02_frame_000117,True,14,False,2,True,6,500,324,647,427,0.8978979587554932,False,healthy,0.9983077049255371,0.9983077049255371,0.0016923139337450266,False,red,99.86,0.999,,0.0,0.0,0.0,0.0,False
117,video_02_frame_000117,True,12,False,3,True,7,268,1047,529,1249,0.8765884637832642,False,unhealthy,0.7989471554756165,0.20105279982089996,0.7989471554756165,False,,,,,0.0,0.0,0.0,0.0,False
117,video_02_frame_000117,True,2,False,9,True,8,120,416,319,624,0.8334614634513855,False,healthy,0.44449979066848755,0.44449979066848755,0.5555001497268677,False,red,98.85,0.992,,0.0,0.0,0.0,0.0,False
117,video_02_frame_000117,True,15,False,2,True,9,137,274,316,429,0.8008873462677002,False,healthy,0.9277142286300659,0.9277142286300659,0.07228584587574005,False,light_red,62.35,0.901,,0.0,0.0,0.0,0.0,False
130,video_02_frame_000130,True,6,False,10,True,1,57,607,312,868,0.9679493308067322,False,healthy,0.7839257121086121,0.7839257121086121,0.21607425808906555,False,light_red,81.29,0.72,segmentacion_pobre_o_fondo_excesivo,0.0,0.0,0.0,0.0,False
130,video_02_frame_000130,True,13,False,3,True,2,471,547,676,740,0.9634146094322205,False,unhealthy,0.999474823474884,0.0005251431139186025,0.999474823474884,False,,,,,0.0,0.0,0.0,0.0,False
130,video_02_frame_000130,True,14,False,3,True,3,445,343,588,438,0.9376087188720703,False,healthy,0.9983077049255371,0.9983077049255371,0.0016923139337450266,False,red,99.86,0.999,,0.0,0.0,0.0,0.0,False
130,video_02_frame_000130,True,11,False,5,True,4,367,933,638,1138,0.9227278232574463,False,healthy,0.39751386642456055,0.39751386642456055,0.6024860739707947,False,red,98.85,0.993,,0.0,0.0,0.0,0.0,False
130,video_02_frame_000130,True,12,False,4,True,5,195,1050,452,1258,0.9181455373764038,False,unhealthy,0.7989471554756165,0.20105279982089996,0.7989471554756165,False,,,,,0.0,0.0,0.0,0.0,False
130,video_02_frame_000130,True,16,True,1,False,6,526,739,720,983,0.8412514925003052,True,healthy,0.9965828061103821,0.9965828061103821,0.003417197847738862,True,red,96.01,0.974,,8.320808410644531e-05,0.0636143684387207,0.705235481262207,0.7689330577850342,False
130,video_02_frame_000130,True,2,False,10,True,7,63,432,279,640,0.8022483587265015,False,healthy,0.44449979066848755,0.44449979066848755,0.5555001497268677,False,red,98.85,0.992,,0.0,0.0,0.0,0.0,False
130,video_02_frame_000130,True,15,False,3,True,8,84,297,264,446,0.8022341728210449,False,healthy,0.9277142286300659,0.9277142286300659,0.07228584587574005,False,light_red,62.35,0.901,,0.0,0.0,0.0,0.0,False
143,video_02_frame_000143,True,13,False,4,True,1,431,567,627,756,0.9710744023323059,False,unhealthy,0.999474823474884,0.0005251431139186025,0.999474823474884,False,,,,,0.0,0.0,0.0,0.0,False
143,video_02_frame_000143,True,6,False,11,True,2,31,637,272,878,0.9466718435287476,False,healthy,0.7839257121086121,0.7839257121086121,0.21607425808906555,False,light_red,81.29,0.72,segmentacion_pobre_o_fondo_excesivo,0.0,0.0,0.0,0.0,False
143,video_02_frame_000143,True,16,False,2,True,3,487,749,717,987,0.9380093216896057,False,healthy,0.9965828061103821,0.9965828061103821,0.003417197847738862,False,red,96.01,0.974,,0.0,0.0,0.0,0.0,False
143,video_02_frame_000143,True,12,False,5,True,4,155,1056,399,1250,0.9283459186553955,False,unhealthy,0.7989471554756165,0.20105279982089996,0.7989471554756165,False,,,,,0.0,0.0,0.0,0.0,False
143,video_02_frame_000143,True,11,False,6,True,5,327,942,571,1137,0.8663365840911865,False,healthy,0.39751386642456055,0.39751386642456055,0.6024860739707947,False,red,98.85,0.993,,0.0,0.0,0.0,0.0,False
143,video_02_frame_000143,True,14,False,4,True,6,410,367,546,464,0.8626028895378113,False,healthy,0.9983077049255371,0.9983077049255371,0.0016923139337450266,False,red,99.86,0.999,,0.0,0.0,0.0,0.0,False
143,video_02_frame_000143,True,2,False,11,True,7,36,464,234,656,0.8517828583717346,False,healthy,0.44449979066848755,0.44449979066848755,0.5555001497268677,False,red,98.85,0.992,,0.0,0.0,0.0,0.0,False
156,video_02_frame_000156,True,6,False,12,True,1,19,645,253,876,0.9610676765441895,False,healthy,0.7839257121086121,0.7839257121086121,0.21607425808906555,False,light_red,81.29,0.72,segmentacion_pobre_o_fondo_excesivo,0.0,0.0,0.0,0.0,False
156,video_02_frame_000156,True,13,False,5,True,2,404,579,590,758,0.9584841132164001,False,unhealthy,0.999474823474884,0.0005251431139186025,0.999474823474884,False,,,,,0.0,0.0,0.0,0.0,False
156,video_02_frame_000156,True,16,False,3,True,3,449,748,690,974,0.9349933862686157,False,healthy,0.9965828061103821,0.9965828061103821,0.003417197847738862,False,red,96.01,0.974,,0.0,0.0,0.0,0.0,False
156,video_02_frame_000156,True,14,False,5,True,4,386,383,520,474,0.9256836175918579,False,healthy,0.9983077049255371,0.9983077049255371,0.0016923139337450266,False,red,99.86,0.999,,0.0,0.0,0.0,0.0,False
156,video_02_frame_000156,True,2,False,12,True,5,24,481,213,654,0.9230349659919739,False,healthy,0.44449979066848755,0.44449979066848755,0.5555001497268677,False,red,98.85,0.992,,0.0,0.0,0.0,0.0,False
156,video_02_frame_000156,True,12,False,6,True,6,138,1043,370,1243,0.854404091835022,False,unhealthy,0.7989471554756165,0.20105279982089996,0.7989471554756165,False,,,,,0.0,0.0,0.0,0.0,False
156,video_02_frame_000156,True,15,False,4,True,7,42,347,207,490,0.8226176500320435,False,healthy,0.9277142286300659,0.9277142286300659,0.07228584587574005,False,light_red,62.35,0.901,,0.0,0.0,0.0,0.0,False
156,video_02_frame_000156,True,11,False,7,True,8,304,932,520,1124,0.8196776509284973,False,healthy,0.39751386642456055,0.39751386642456055,0.6024860739707947,False,red,98.85,0.993,,0.0,0.0,0.0,0.0,False
