frame_idx,frame_name,detector_ran,detector_reason,detections_count,tracked_count,new_tracks_count,reused_count,health_executed_count,maturity_executed_count,detection_sec,tracking_sec,propagation_sec,total_frame_sec
0,video_02_frame_000000,True,first_frame,5,5,5,0,5,5,5.2743980884552,3.361701965332031e-05,0.0,7.535365752999496
1,video_02_frame_000001,False,cooldown,5,5,0,5,0,0,0.0,0.0,0.022007625000696862,0.03806868300125643
2,video_02_frame_000002,False,cooldown,5,5,0,5,0,0,0.0,0.0,0.022355373999744188,0.03901738700005808
3,video_02_frame_000003,False,cooldown,5,5,0,5,0,0,0.0,0.0,0.04977067599975271,0.07379139700060477
4,video_02_frame_000004,False,cooldown,5,5,0,5,0,0,0.0,0.0,0.015475879999939934,0.027558862000660156
5,video_02_frame_000005,False,cooldown,5,5,0,5,0,0,0.0,0.0,0.023401346999889938,0.03774514399992768
6,video_02_frame_000006,False,scene_gate_blocked,5,5,0,5,0,0,0.0,0.0,0.03563939100058633,0.0716441760014277
7,video_02_frame_000007,False,scene_gate_blocked,5,5,0,5,0,0,0.0,0.0,0.025190442000166513,0.06238433999897097
8,video_02_frame_000008,False,scene_gate_blocked,5,5,0,5,0,0,0.0,0.0,0.026319661999878008,0.05685890800123161
9,video_02_frame_000009,False,scene_gate_blocked,5,5,0,5,0,0,0.0,0.0,0.026803501999893342,0.057551683001292986
10,video_02_frame_000010,False,scene_gate_blocked,5,5,0,5,0,0,0.0,0.0,0.017888405000121566,0.050839499999710824
11,video_02_frame_000011,False,scene_gate_blocked,5,5,0,5,0,0,0.0,0.0,0.02304172100048163,0.05108427900086099
12,video_02_frame_000012,False,scene_gate_blocked,5,5,0,5,0,0,0.0,0.0,0.021972493999783183,0.050921462001497275
13,video_02_frame_000013,True,max_gap_force,6,6,1,5,1,1,6.10001540184021,0.00023317337036132812,0.0,6.64090769699942
14,video_02_frame_000014,False,cooldown,6,6,0,6,0,0,0.0,0.0,0.016636923000987736,0.02853402100117819
15,video_02_frame_000015,False,cooldown,6,6,0,6,0,0,0.0,0.0,0.02224767799998517,0.0374146619997191
16,video_02_frame_000016,False,cooldown,6,6,0,6,0,0,0.0,0.0,0.01904942600049253,0.03211149100025068
17,video_02_frame_000017,False,cooldown,6,6,0,6,0,0,0.0,0.0,0.02326534699932381,0.04222147900145501
18,video_02_frame_000018,False,cooldown,6,6,0,6,0,0,0.0,0.0,0.02038409099986893,0.03226204800012056
19,video_02_frame_000019,False,scene_gate_blocked,6,6,0,6,0,0,0.0,0.0,0.01888044999941485,0.04583140799877583
20,video_02_frame_000020,False,scene_gate_blocked,6,6,0,6,0,0,0.0,0.0,0.01618922000125167,0.040224905000286526
21,video_02_frame_000021,False,scene_gate_blocked,6,6,0,6,0,0,0.0,0.0,0.027635870999802137,0.06295083400073054
22,video_02_frame_000022,False,scene_gate_blocked,6,6,0,6,0,0,0.0,0.0,0.03246411200052535,0.06313004700132296
23,video_02_frame_000023,False,scene_gate_blocked,6,6,0,6,0,0,0.0,0.0,0.03586059299959743,0.06787727399932919
24,video_02_frame_000024,False,scene_gate_blocked,6,6,0,6,0,0,0.0,0.0,0.017919400001119357,0.041593134999857284
25,video_02_frame_000025,False,scene_gate_blocked,6,6,0,6,0,0,0.0,0.0,0.015096282000740757,0.03863247799927194
26,video_02_frame_000026,True,max_gap_force,5,5,0,5,0,0,8.099770307540894,0.00011324882507324219,0.0,8.602856185998462
27,video_02_frame_000027,False,cooldown,5,5,0,5,0,0,0.0,0.0,0.03168163400005142,0.04691413399996236
28,video_02_frame_000028,False,cooldown,5,5,0,5,0,0,0.0,0.0,0.02140026699998998,0.035805004999929224
29,video_02_frame_000029,False,cooldown,5,5,0,5,0,0,0.0,0.0,0.026098868998815306,0.03962132300148369
30,video_02_frame_000030,False,cooldown,5,5,0,5,0,0,0.0,0.0,0.02113376099987363,0.03387506699982623
31,video_02_frame_000031,False,cooldown,5,5,0,5,0,0,0.0,0.0,0.03147673100102111,0.05382955500135722
32,video_02_frame_000032,False,scene_gate_blocked,5,5,0,5,0,0,0.0,0.0,0.023996832998818718,0.058257157999833
33,video_02_frame_000033,False,scene_gate_blocked,5,5,0,5,0,0,0.0,0.0,0.02291050500025449,0.05695424300029117
34,video_02_frame_000034,False,scene_gate_blocked,5,5,0,5,0,0,0.0,0.0,0.0196823950009275,0.05278301900034421
35,video_02_frame_000035,False,scene_gate_blocked,5,5,0,5,0,0,0.0,0.0,0.02556148999974539,0.06127718400057347
36,video_02_frame_000036,False,scene_gate_blocked,5,5,0,5,0,0,0.0,0.0,0.02267036699959135,0.05821682400164718
37,video_02_frame_000037,False,scene_gate_blocked,5,5,0,5,0,0,0.0,0.0,0.03226931899916963,0.07128158799969242
38,video_02_frame_000038,False,scene_gate_blocked,5,5,0,5,0,0,0.0,0.0,0.025911582000844646,0.06334451799921226
39,video_02_frame_000039,True,max_gap_force,8,8,2,6,2,2,4.617642164230347,0.00016427040100097656,0.0,7.248992181999711
40,video_02_frame_000040,False,cooldown,8,8,0,8,0,0,0.0,0.0,0.028420386001016595,0.04038445500009402
41,video_02_frame_000041,False,cooldown,8,8,0,8,0,0,0.0,0.0,0.020760497000082978,0.03180249100114452
42,video_02_frame_000042,False,cooldown,8,8,0,8,0,0,0.0,0.0,0.019786865999776637,0.03135347399984312
43,video_02_frame_000043,False,cooldown,8,8,0,8,0,0,0.0,0.0,0.02026474999911443,0.03492944700155931
44,video_02_frame_000044,False,cooldown,8,8,0,8,0,0,0.0,0.0,0.02041530499991495,0.032265519999782555
45,video_02_frame_000045,False,scene_gate_blocked,8,8,0,8,0,0,0.0,0.0,0.024253734000012628,0.04727111899956071
46,video_02_frame_000046,False,scene_gate_blocked,8,8,0,8,0,0,0.0,0.0,0.027777606001109234,0.05168976100139844
47,video_02_frame_000047,False,scene_gate_blocked,8,8,0,8,0,0,0.0,0.0,0.020380519999889657,0.044246023000596324
48,video_02_frame_000048,False,scene_gate_blocked,8,8,0,8,0,0,0.0,0.0,0.021428134999951,0.04789603700010048
49,video_02_frame_000049,False,scene_gate_blocked,8,8,0,8,0,0,0.0,0.0,0.02063194999936968,0.04387736499847961
50,video_02_frame_000050,False,scene_gate_blocked,8,8,0,8,0,0,0.0,0.0,0.01953208499980974,0.04404050199991616
51,video_02_frame_000051,False,scene_gate_blocked,8,8,0,8,0,0,0.0,0.0,0.020131872001002193,0.04432236799948441
52,video_02_frame_000052,True,max_gap_force,7,7,2,5,2,1,5.529771089553833,0.00018405914306640625,0.0,6.183123079001234
53,video_02_frame_000053,False,cooldown,7,7,0,7,0,0,0.0,0.0,0.02013521999833756,0.0322454060005839
54,video_02_frame_000054,False,cooldown,7,7,0,7,0,0,0.0,0.0,0.018352677001530537,0.029399470000498695
55,video_02_frame_000055,False,cooldown,7,7,0,7,0,0,0.0,0.0,0.01804802700098662,0.03245711999988998
56,video_02_frame_000056,False,cooldown,7,7,0,7,0,0,0.0,0.0,0.017524311999295605,0.02908243900128582
57,video_02_frame_000057,False,cooldown,7,7,0,7,0,0,0.0,0.0,0.020097115000680787,0.03140281600099115
58,video_02_frame_000058,False,scene_gate_blocked,7,7,0,7,0,0,0.0,0.0,0.018110021001120913,0.04050939000080689
59,video_02_frame_000059,False,scene_gate_blocked,7,7,0,7,0,0,0.0,0.0,0.024554868999985047,0.048606530001052306
60,video_02_frame_000060,False,scene_gate_blocked,7,7,0,7,0,0,0.0,0.0,0.017501514999821666,0.042580575998727
61,video_02_frame_000061,False,scene_gate_blocked,7,7,0,7,0,0,0.0,0.0,0.03981400199882046,0.07502105799903802
62,video_02_frame_000062,False,scene_gate_blocked,7,7,0,7,0,0,0.0,0.0,0.03702484099994763,0.06505659499998728
63,video_02_frame_000063,False,scene_gate_blocked,7,7,0,7,0,0,0.0,0.0,0.038842464000481414,0.06786005499998282
64,video_02_frame_000064,False,scene_gate_blocked,7,7,0,7,0,0,0.0,0.0,0.03416508999907819,0.07253401499838219
65,video_02_frame_000065,True,max_gap_force,8,8,0,8,0,0,5.332340478897095,0.00023698806762695312,0.0,5.669596441999602
66,video_02_frame_000066,False,cooldown,8,8,0,8,0,0,0.0,0.0,0.02114902500034077,0.033691374001136865
67,video_02_frame_000067,False,cooldown,8,8,0,8,0,0,0.0,0.0,0.02429330399900209,0.039594573001522804
68,video_02_frame_000068,False,cooldown,8,8,0,8,0,0,0.0,0.0,0.02039487799993367,0.032784843000627006
69,video_02_frame_000069,False,cooldown,8,8,0,8,0,0,0.0,0.0,0.020627936000892078,0.03326718800053641
70,video_02_frame_000070,False,cooldown,8,8,0,8,0,0,0.0,0.0,0.019958348999352893,0.03196644899981038
71,video_02_frame_000071,False,scene_gate_blocked,8,8,0,8,0,0,0.0,0.0,0.019724551000763313,0.04653178500120703
72,video_02_frame_000072,False,scene_gate_blocked,8,8,0,8,0,0,0.0,0.0,0.027921693999815034,0.0525523019987304
73,video_02_frame_000073,False,scene_gate_blocked,8,8,0,8,0,0,0.0,0.0,0.020321732999946107,0.043268604998957017
74,video_02_frame_000074,False,scene_gate_blocked,8,8,0,8,0,0,0.0,0.0,0.019580820000555832,0.04503261699937866
75,video_02_frame_000075,False,scene_gate_blocked,8,8,0,8,0,0,0.0,0.0,0.019239668999944115,0.04305081600068661
76,video_02_frame_000076,False,scene_gate_blocked,8,8,0,8,0,0,0.0,0.0,0.028953025001101196,0.05344732199955615
77,video_02_frame_000077,False,scene_gate_blocked,8,8,0,8,0,0,0.0,0.0,0.04123815799903241,0.06859270000131801
78,video_02_frame_000078,True,max_gap_force,8,8,1,7,1,1,5.1982262134552,0.0002467632293701172,0.0,6.03789401999893
79,video_02_frame_000079,False,cooldown,8,8,0,8,0,0,0.0,0.0,0.02087727500111214,0.03259616499963158
80,video_02_frame_000080,False,cooldown,8,8,0,8,0,0,0.0,0.0,0.02091871000084211,0.031797880999874906
81,video_02_frame_000081,False,cooldown,8,8,0,8,0,0,0.0,0.0,0.023098367000784492,0.037108690999957616
82,video_02_frame_000082,False,cooldown,8,8,0,8,0,0,0.0,0.0,0.020650874999773805,0.03508023699941987
83,video_02_frame_000083,False,cooldown,8,8,0,8,0,0,0.0,0.0,0.020537985999908415,0.03252316400175914
84,video_02_frame_000084,False,scene_gate_blocked,8,8,0,8,0,0,0.0,0.0,0.019355033000465482,0.041820263000772684
85,video_02_frame_000085,False,scene_gate_blocked,8,8,0,8,0,0,0.0,0.0,0.025607978999687475,0.0614427060008893
86,video_02_frame_000086,False,scene_gate_blocked,8,8,0,8,0,0,0.0,0.0,0.02914269599932595,0.060198020000825636
87,video_02_frame_000087,False,scene_gate_blocked,8,8,0,8,0,0,0.0,0.0,0.020119095999689307,0.043435342000520905
88,video_02_frame_000088,False,scene_gate_blocked,8,8,0,8,0,0,0.0,0.0,0.02097589400000288,0.045214720999865676
89,video_02_frame_000089,False,scene_gate_blocked,8,8,0,8,0,0,0.0,0.0,0.04820978099996864,0.07801852999909897
90,video_02_frame_000090,False,scene_gate_blocked,8,8,0,8,0,0,0.0,0.0,0.020528357999864966,0.04613856899959501
91,video_02_frame_000091,True,max_gap_force,7,7,1,6,1,0,5.2614428997039795,0.00026869773864746094,0.0,5.648204578001241
92,video_02_frame_000092,False,cooldown,7,7,0,7,0,0,0.0,0.0,0.021173547000216786,0.0338556390015583
93,video_02_frame_000093,False,cooldown,7,7,0,7,0,0,0.0,0.0,0.030218425999919418,0.04201590000047872
94,video_02_frame_000094,False,cooldown,7,7,0,7,0,0,0.0,0.0,0.021502248999240692,0.036864618999970844
95,video_02_frame_000095,False,cooldown,7,7,0,7,0,0,0.0,0.0,0.0227574860000459,0.03543372800049838
96,video_02_frame_000096,False,cooldown,7,7,0,7,0,0,0.0,0.0,0.017770553000445943,0.030720328000825248
97,video_02_frame_000097,False,scene_gate_blocked,7,7,0,7,0,0,0.0,0.0,0.021421436000309768,0.05433886100036034
98,video_02_frame_000098,False,scene_gate_blocked,7,7,0,7,0,0,0.0,0.0,0.030038465998586616,0.06313815799876465
99,video_02_frame_000099,False,scene_gate_blocked,7,7,0,7,0,0,0.0,0.0,0.046070276001046295,0.07216020499981823
100,video_02_frame_000100,False,scene_gate_blocked,7,7,0,7,0,0,0.0,0.0,0.036294344999987516,0.06611258699922473
101,video_02_frame_000101,False,scene_gate_blocked,7,7,0,7,0,0,0.0,0.0,0.0396270960009133,0.06550670100114075
102,video_02_frame_000102,False,scene_gate_blocked,7,7,0,7,0,0,0.0,0.0,0.02496300199891266,0.05344024400073977
103,video_02_frame_000103,False,scene_gate_blocked,7,7,0,7,0,0,0.0,0.0,0.026148245999138453,0.05940299100075208
104,video_02_frame_000104,True,max_gap_force,9,9,3,6,3,2,3.6739187240600586,0.0002827644348144531,0.0,6.296371761000046
105,video_02_frame_000105,False,cooldown,9,9,0,9,0,0,0.0,0.0,0.023707386000751285,0.035982608000267646
106,video_02_frame_000106,False,cooldown,9,9,0,9,0,0,0.0,0.0,0.0257180309999967,0.041474100999039365
107,video_02_frame_000107,False,cooldown,9,9,0,9,0,0,0.0,0.0,0.029968951999762794,0.043430990999695496
108,video_02_frame_000108,False,cooldown,9,9,0,9,0,0,0.0,0.0,0.03097566500036919,0.043168260001039016
109,video_02_frame_000109,False,cooldown,9,9,0,9,0,0,0.0,0.0,0.02570637100143358,0.037447718999828794
110,video_02_frame_000110,False,scene_gate_blocked,9,9,0,9,0,0,0.0,0.0,0.03911361500104249,0.06408242699944822
111,video_02_frame_000111,False,scene_gate_blocked,9,9,0,9,0,0,0.0,0.0,0.021862702000362333,0.04436293799881241
112,video_02_frame_000112,False,scene_gate_blocked,9,9,0,9,0,0,0.0,0.0,0.022201793999556685,0.04518618500151206
113,video_02_frame_000113,False,scene_gate_blocked,9,9,0,9,0,0,0.0,0.0,0.02381576799962204,0.047295344000303885
114,video_02_frame_000114,False,scene_gate_blocked,9,9,0,9,0,0,0.0,0.0,0.02292896099970676,0.04634526100016956
115,video_02_frame_000115,False,scene_gate_blocked,9,9,0,9,0,0,0.0,0.0,0.034325513001022046,0.05938842000068689
116,video_02_frame_000116,False,scene_gate_blocked,9,9,0,9,0,0,0.0,0.0,0.045978613999977824,0.08226784999897063
117,video_02_frame_000117,True,max_gap_force,9,9,0,9,0,0,5.323574781417847,0.0003809928894042969,0.0,5.700968315999489
118,video_02_frame_000118,False,cooldown,9,9,0,9,0,0,0.0,0.0,0.022243524001169135,0.03335883699946862
119,video_02_frame_000119,False,cooldown,9,9,0,9,0,0,0.0,0.0,0.024960681999800727,0.03955553300147585
120,video_02_frame_000120,False,cooldown,9,9,0,9,0,0,0.0,0.0,0.023670082999160513,0.03515209500073979
121,video_02_frame_000121,False,cooldown,9,9,0,9,0,0,0.0,0.0,0.02743952499986335,0.040881588000047486
122,video_02_frame_000122,False,cooldown,9,9,0,9,0,0,0.0,0.0,0.027335920998666552,0.040076593000776484
123,video_02_frame_000123,False,scene_gate_blocked,9,9,0,9,0,0,0.0,0.0,0.027849152000271715,0.05466735200025141
124,video_02_frame_000124,False,scene_gate_blocked,9,9,0,9,0,0,0.0,0.0,0.022667437999189133,0.04772125700037577
125,video_02_frame_000125,False,scene_gate_blocked,9,9,0,9,0,0,0.0,0.0,0.02357931200094754,0.04601898799955961
126,video_02_frame_000126,False,scene_gate_blocked,9,9,0,9,0,0,0.0,0.0,0.028039422000802006,0.05526474100042833
127,video_02_frame_000127,False,scene_gate_blocked,9,9,0,9,0,0,0.0,0.0,0.022004243999617756,0.04554007899969292
128,video_02_frame_000128,False,scene_gate_blocked,9,9,0,9,0,0,0.0,0.0,0.0338168369999039,0.06300791700050468
129,video_02_frame_000129,False,scene_gate_blocked,9,9,0,9,0,0,0.0,0.0,0.0412892770000326,0.07468201099982252
130,video_02_frame_000130,True,max_gap_force,8,8,1,7,1,1,5.348357200622559,0.00033092498779296875,0.0,6.467839406001076
131,video_02_frame_000131,False,cooldown,8,8,0,8,0,0,0.0,0.0,0.024575084000389325,0.040429320999464835
132,video_02_frame_000132,False,cooldown,8,8,0,8,0,0,0.0,0.0,0.02965368699915416,0.04447618799895281
133,video_02_frame_000133,False,cooldown,8,8,0,8,0,0,0.0,0.0,0.0257912649994978,0.03750145599951793
134,video_02_frame_000134,False,cooldown,8,8,0,8,0,0,0.0,0.0,0.025651039999502245,0.03807010499986063
135,video_02_frame_000135,False,cooldown,8,8,0,8,0,0,0.0,0.0,0.025781263999306248,0.041123692000837764
136,video_02_frame_000136,False,scene_gate_blocked,8,8,0,8,0,0,0.0,0.0,0.0297641230008594,0.060078938000515336
137,video_02_frame_000137,False,scene_gate_blocked,8,8,0,8,0,0,0.0,0.0,0.0349468380009057,0.0629887190007139
138,video_02_frame_000138,False,scene_gate_blocked,8,8,0,8,0,0,0.0,0.0,0.03163140200013004,0.06128528000044753
139,video_02_frame_000139,False,scene_gate_blocked,8,8,0,8,0,0,0.0,0.0,0.028169396999146556,0.05620947600073123
140,video_02_frame_000140,False,scene_gate_blocked,8,8,0,8,0,0,0.0,0.0,0.028981690000364324,0.05573396399995545
141,video_02_frame_000141,False,scene_gate_blocked,8,8,0,8,0,0,0.0,0.0,0.030674322000777465,0.059947497999019106
142,video_02_frame_000142,False,scene_gate_blocked,8,8,0,8,0,0,0.0,0.0,0.02871687600054429,0.05868462800026464
143,video_02_frame_000143,True,max_gap_force,7,7,0,7,0,0,5.288344144821167,0.0003044605255126953,0.0,5.654218027999377
144,video_02_frame_000144,False,cooldown,7,7,0,7,0,0,0.0,0.0,0.02373850700132607,0.04089598399878014
145,video_02_frame_000145,False,cooldown,7,7,0,7,0,0,0.0,0.0,0.021345870998629835,0.03323783999985608
146,video_02_frame_000146,False,cooldown,7,7,0,7,0,0,0.0,0.0,0.022054842998841195,0.036761430999831646
147,video_02_frame_000147,False,cooldown,7,7,0,7,0,0,0.0,0.0,0.024574927998401108,0.03831905699917115
148,video_02_frame_000148,False,cooldown,7,7,0,7,0,0,0.0,0.0,0.020314457000495167,0.033845142999780364
149,video_02_frame_000149,False,scene_gate_blocked,7,7,0,7,0,0,0.0,0.0,0.022220491999178194,0.050220658000398544
150,video_02_frame_000150,False,scene_gate_blocked,7,7,0,7,0,0,0.0,0.0,0.025089726999794948,0.051835856000252534
151,video_02_frame_000151,False,scene_gate_blocked,7,7,0,7,0,0,0.0,0.0,0.042050219999509864,0.0691379820000293
152,video_02_frame_000152,False,scene_gate_blocked,7,7,0,7,0,0,0.0,0.0,0.02714001499953156,0.05427402900022571
153,video_02_frame_000153,False,scene_gate_blocked,7,7,0,7,0,0,0.0,0.0,0.027642928000204847,0.05718988599983277
154,video_02_frame_000154,False,scene_gate_blocked,7,7,0,7,0,0,0.0,0.0,0.023822683999242145,0.05025478000061412
155,video_02_frame_000155,False,scene_gate_blocked,7,7,0,7,0,0,0.0,0.0,0.017530906001411495,0.042996088001018506
156,video_02_frame_000156,True,max_gap_force,8,8,0,8,0,0,5.4173572063446045,0.00025153160095214844,0.0,5.756622744000197
157,video_02_frame_000157,False,cooldown,8,8,0,8,0,0,0.0,0.0,0.03349679399980232,0.04605812599947967
158,video_02_frame_000158,False,cooldown,8,8,0,8,0,0,0.0,0.0,0.0379804169988347,0.05699607700080378
159,video_02_frame_000159,False,cooldown,8,8,0,8,0,0,0.0,0.0,0.039830752999478136,0.05601196899988281
160,video_02_frame_000160,False,cooldown,8,8,0,8,0,0,0.0,0.0,0.03545285399923159,0.0481434140001511
161,video_02_frame_000161,False,cooldown,8,8,0,8,0,0,0.0,0.0,0.025429481000173837,0.03844957000001159
162,video_02_frame_000162,False,scene_gate_blocked,8,8,0,8,0,0,0.0,0.0,0.04354682200028037,0.07149949199992989
