frame_idx,frame_name,detector_ran,detector_reason,detections_count,tracked_count,new_tracks_count,reused_count,health_executed_count,maturity_executed_count,detection_sec,tracking_sec,propagation_sec,total_frame_sec
0,video_02_frame_000000,True,full_detection,5,5,5,0,5,5,3.712207317352295,4.839897155761719e-05,0.0,7.354287522999584
1,video_02_frame_000001,True,full_detection,5,5,0,5,0,0,5.092666387557983,0.00012135505676269531,0.0,5.257620096001119
2,video_02_frame_000002,True,full_detection,6,6,1,5,1,1,4.959795236587524,0.00010156631469726562,0.0,5.492302619999464
3,video_02_frame_000003,True,full_detection,6,6,0,6,0,0,6.11859655380249,0.00011539459228515625,0.0,6.303136683000048
4,video_02_frame_000004,True,full_detection,6,6,0,6,0,0,5.609011650085449,0.00011420249938964844,0.0,5.845624403000329
5,video_02_frame_000005,True,full_detection,6,6,0,6,0,0,5.377880573272705,0.00011754035949707031,0.0,5.611814914000206
6,video_02_frame_000006,True,full_detection,6,6,0,6,0,0,4.152924299240112,0.0001347064971923828,0.0,6.025233674999981
7,video_02_frame_000007,True,full_detection,6,6,0,6,0,0,5.952919006347656,0.00011706352233886719,0.0,6.253707947000294
8,video_02_frame_000008,True,full_detection,7,7,1,6,1,1,5.4765050411224365,0.00011372566223144531,0.0,5.999967502999425
9,video_02_frame_000009,True,full_detection,7,7,0,7,0,0,5.8586766719818115,0.0001404285430908203,0.0,6.063537673999235
10,video_02_frame_000010,True,full_detection,7,7,0,7,0,0,7.181956052780151,0.00014328956604003906,0.0,7.521434945001602
11,video_02_frame_000011,True,full_detection,7,7,0,7,0,0,4.3928141593933105,0.000133514404296875,0.0,6.1219819849993655
12,video_02_frame_000012,True,full_detection,6,6,0,6,0,0,5.967989921569824,0.00018358230590820312,0.0,6.210900505000609
13,video_02_frame_000013,True,full_detection,6,6,0,6,0,0,7.909083604812622,0.0002827644348144531,0.0,8.292631565998818
14,video_02_frame_000014,True,full_detection,6,6,0,6,0,0,9.316760301589966,0.000148773193359375,0.0,9.821620868000537
15,video_02_frame_000015,True,full_detection,6,6,0,6,0,0,7.489461898803711,0.00013756752014160156,0.0,9.387073964999217
16,video_02_frame_000016,True,full_detection,7,7,1,6,1,1,10.54484486579895,0.00018024444580078125,0.0,11.786264534999646
17,video_02_frame_000017,True,full_detection,7,7,0,7,0,0,6.3791961669921875,0.000141143798828125,0.0,6.578274794001118
18,video_02_frame_000018,True,full_detection,6,6,0,6,0,0,5.290542364120483,0.00013494491577148438,0.0,5.492023230999621
19,video_02_frame_000019,True,full_detection,5,5,0,5,0,0,3.6144845485687256,0.00014448165893554688,0.0,5.290732225999818
20,video_02_frame_000020,True,full_detection,6,6,0,6,0,0,5.174894332885742,0.0001327991485595703,0.0,5.361759490999248
21,video_02_frame_000021,True,full_detection,6,6,0,6,0,0,6.752275466918945,0.00018334388732910156,0.0,7.195761978000519
22,video_02_frame_000022,True,full_detection,6,6,0,6,0,0,7.9584174156188965,0.00018453598022460938,0.0,8.162655776000975
23,video_02_frame_000023,True,full_detection,6,6,1,5,1,0,6.895081520080566,0.00014281272888183594,0.0,8.644308078000904
24,video_02_frame_000024,True,full_detection,5,5,0,5,0,0,6.1189868450164795,0.00016832351684570312,0.0,6.347282130998792
25,video_02_frame_000025,True,full_detection,6,6,0,6,0,0,5.3602519035339355,0.00015735626220703125,0.0,5.6203749109990895
26,video_02_frame_000026,True,full_detection,5,5,0,5,0,0,6.434874534606934,0.00014495849609375,0.0,6.59865671100124
27,video_02_frame_000027,True,full_detection,6,6,0,6,0,0,5.126374006271362,0.00010657310485839844,0.0,5.301491296000677
28,video_02_frame_000028,True,full_detection,5,5,0,5,0,0,4.9661126136779785,0.00010228157043457031,0.0,5.1312777990006
29,video_02_frame_000029,True,full_detection,5,5,0,5,0,0,3.655381202697754,0.00010228157043457031,0.0,5.339382468000622
30,video_02_frame_000030,True,full_detection,6,6,1,5,1,1,5.071362495422363,0.00011873245239257812,0.0,5.460971652000808
31,video_02_frame_000031,True,full_detection,6,6,0,6,0,0,5.452329158782959,0.00012946128845214844,0.0,5.6402225109995925
32,video_02_frame_000032,True,full_detection,7,7,1,6,1,1,5.656788349151611,0.000148773193359375,0.0,6.322863003000748
33,video_02_frame_000033,True,full_detection,8,8,1,7,1,1,5.561010360717773,0.00017952919006347656,0.0,6.39329507200091
34,video_02_frame_000034,True,full_detection,7,7,0,7,0,0,5.516077041625977,0.0002675056457519531,0.0,5.713279826999496
35,video_02_frame_000035,True,full_detection,8,8,0,8,0,0,5.324015378952026,0.00019669532775878906,0.0,5.530828675999146
36,video_02_frame_000036,True,full_detection,7,7,0,7,0,0,5.044419288635254,0.0001728534698486328,0.0,5.241889727998569
37,video_02_frame_000037,True,full_detection,7,7,0,7,0,0,5.960230827331543,0.00019884109497070312,0.0,6.211784583001645
38,video_02_frame_000038,True,full_detection,7,7,0,7,0,0,5.641226291656494,0.00019049644470214844,0.0,5.845160323999153
39,video_02_frame_000039,True,full_detection,8,8,0,8,0,0,6.219669342041016,0.00029587745666503906,0.0,6.425961947999895
40,video_02_frame_000040,True,full_detection,8,8,0,8,0,0,4.081290006637573,0.00032448768615722656,0.0,5.838309816999754
41,video_02_frame_000041,True,full_detection,8,8,0,8,0,0,5.154458284378052,0.00020003318786621094,0.0,5.373449250999329
42,video_02_frame_000042,True,full_detection,5,5,0,5,0,0,5.825356960296631,0.00014853477478027344,0.0,5.995712436000758
43,video_02_frame_000043,True,full_detection,5,5,0,5,0,0,5.66697096824646,0.0001461505889892578,0.0,5.853262485999949
44,video_02_frame_000044,True,full_detection,5,5,0,5,0,0,5.248762369155884,0.00016760826110839844,0.0,5.412398397000288
45,video_02_frame_000045,True,full_detection,6,6,0,6,0,0,5.239178895950317,0.00016427040100097656,0.0,5.433719935999761
46,video_02_frame_000046,True,full_detection,8,8,2,6,2,1,3.7855844497680664,0.00012564659118652344,0.0,5.828974586998811
47,video_02_frame_000047,True,full_detection,6,6,0,6,0,0,5.2032859325408936,0.00018215179443359375,0.0,5.392958260001251
48,video_02_frame_000048,True,full_detection,6,6,0,6,0,0,5.206670522689819,0.00015425682067871094,0.0,5.391642059999867
49,video_02_frame_000049,True,full_detection,6,6,0,6,0,0,5.20593786239624,0.00014519691467285156,0.0,5.379919127999528
50,video_02_frame_000050,True,full_detection,6,6,0,6,0,0,5.226574182510376,0.0001518726348876953,0.0,5.409253603000252
51,video_02_frame_000051,True,full_detection,7,7,1,6,1,1,5.038291931152344,0.00015306472778320312,0.0,5.5281931849985995
52,video_02_frame_000052,True,full_detection,7,7,0,7,0,0,3.723379135131836,0.00014257431030273438,0.0,5.4766261049990135
53,video_02_frame_000053,True,full_detection,7,7,0,7,0,0,5.198621511459351,0.0001323223114013672,0.0,5.44105214999945
54,video_02_frame_000054,True,full_detection,8,8,1,7,1,1,5.2493736743927,0.0001933574676513672,0.0,5.907784701999844
55,video_02_frame_000055,True,full_detection,8,8,0,8,0,0,5.202782154083252,0.00015997886657714844,0.0,5.4076482279997435
56,video_02_frame_000056,True,full_detection,7,7,0,7,0,0,5.226852893829346,0.00016832351684570312,0.0,5.41872044000047
57,video_02_frame_000057,True,full_detection,8,8,1,7,1,1,3.702380418777466,0.00017547607421875,0.0,5.653055965000021
58,video_02_frame_000058,True,full_detection,8,8,0,8,0,0,5.159077405929565,0.0002391338348388672,0.0,5.368971388999853
59,video_02_frame_000059,True,full_detection,8,8,0,8,0,0,5.330244302749634,0.00022530555725097656,0.0,5.553427132999786
60,video_02_frame_000060,True,full_detection,8,8,0,8,0,0,5.133065700531006,0.00019860267639160156,0.0,5.333407183999952
61,video_02_frame_000061,True,full_detection,8,8,0,8,0,0,5.376776456832886,0.0001850128173828125,0.0,5.581562983001277
62,video_02_frame_000062,True,full_detection,8,8,0,8,0,0,5.204470872879028,0.00019502639770507812,0.0,5.472926862001259
63,video_02_frame_000063,True,full_detection,9,9,1,8,1,1,3.665046215057373,0.00020074844360351562,0.0,5.670598611999594
64,video_02_frame_000064,True,full_detection,7,7,0,7,0,0,5.329381704330444,0.00017690658569335938,0.0,5.518565846999991
65,video_02_frame_000065,True,full_detection,8,8,0,8,0,0,5.3069846630096436,0.00019669532775878906,0.0,5.543111842000144
66,video_02_frame_000066,True,full_detection,9,9,1,8,1,1,5.228956699371338,0.0002129077911376953,0.0,5.716638806999981
67,video_02_frame_000067,True,full_detection,8,8,0,8,0,0,5.372575998306274,0.00037384033203125,0.0,5.582659159999821
68,video_02_frame_000068,True,full_detection,7,7,0,7,0,0,5.103868007659912,0.0001900196075439453,0.0,5.287471846999324
69,video_02_frame_000069,True,full_detection,8,8,0,8,0,0,3.605837345123291,0.0002605915069580078,0.0,5.341304425999624
70,video_02_frame_000070,True,full_detection,8,8,0,8,0,0,5.271466493606567,0.0002307891845703125,0.0,5.567450155998813
71,video_02_frame_000071,True,full_detection,9,9,1,8,1,1,5.300904273986816,0.00023102760314941406,0.0,5.907212246000199
72,video_02_frame_000072,True,full_detection,8,8,0,8,0,0,5.351809501647949,0.00020551681518554688,0.0,5.576206509998883
73,video_02_frame_000073,True,full_detection,8,8,0,8,0,0,5.3768556118011475,0.00023984909057617188,0.0,5.587059475001297
74,video_02_frame_000074,True,full_detection,9,9,0,9,0,0,5.157801628112793,0.00020742416381835938,0.0,5.37699720099954
75,video_02_frame_000075,True,full_detection,9,9,0,9,0,0,3.565016984939575,0.0002162456512451172,0.0,5.324040016001163
76,video_02_frame_000076,True,full_detection,9,9,0,9,0,0,6.1830644607543945,0.00022935867309570312,0.0,6.476505860999168
77,video_02_frame_000077,True,full_detection,9,9,0,9,0,0,5.57712459564209,0.000244140625,0.0,5.829869107999912
78,video_02_frame_000078,True,full_detection,8,8,0,8,0,0,5.2694714069366455,0.0001895427703857422,0.0,5.472386148998339
79,video_02_frame_000079,True,full_detection,8,8,0,8,0,0,5.228605031967163,0.00036215782165527344,0.0,5.561493694998717
80,video_02_frame_000080,True,full_detection,7,7,0,7,0,0,5.777837038040161,0.0001919269561767578,0.0,6.002258849001009
81,video_02_frame_000081,True,full_detection,7,7,0,7,0,0,7.3477301597595215,0.00019812583923339844,0.0,7.691248586999791
82,video_02_frame_000082,True,full_detection,8,8,0,8,0,0,5.667303562164307,0.0001938343048095703,0.0,5.8723646010002994
83,video_02_frame_000083,True,full_detection,7,7,0,7,0,0,5.132624387741089,0.00017189979553222656,0.0,5.315812483999252
84,video_02_frame_000084,True,full_detection,6,6,0,6,0,0,5.756379842758179,0.00016045570373535156,0.0,5.964403362000667
85,video_02_frame_000085,True,full_detection,7,7,0,7,0,0,5.168654918670654,0.000171661376953125,0.0,5.360570712000481
86,video_02_frame_000086,True,full_detection,7,7,0,7,0,0,3.6950366497039795,0.00020623207092285156,0.0,5.419748476000677
87,video_02_frame_000087,True,full_detection,7,7,1,6,1,1,5.1758527755737305,0.00020837783813476562,0.0,5.668411695000032
88,video_02_frame_000088,True,full_detection,8,8,0,8,0,0,5.3319315910339355,0.00020694732666015625,0.0,5.527156088999618
89,video_02_frame_000089,True,full_detection,7,7,0,7,0,0,5.2685227394104,0.00019884109497070312,0.0,5.452930994000781
90,video_02_frame_000090,True,full_detection,8,8,0,8,0,0,5.372490167617798,0.00016689300537109375,0.0,5.6249078109995025
91,video_02_frame_000091,True,full_detection,7,7,0,7,0,0,5.367964267730713,0.00015997886657714844,0.0,5.557053945998632
92,video_02_frame_000092,True,full_detection,8,8,0,8,0,0,3.762514591217041,0.00017452239990234375,0.0,5.4928618670001015
93,video_02_frame_000093,True,full_detection,8,8,1,7,1,1,5.3204991817474365,0.0002636909484863281,0.0,5.710672577999503
94,video_02_frame_000094,True,full_detection,8,8,0,8,0,0,5.285720586776733,0.00020265579223632812,0.0,5.506813083000452
95,video_02_frame_000095,True,full_detection,10,10,1,9,0,0,5.257384538650513,0.00021195411682128906,0.0,5.485904007999125
96,video_02_frame_000096,True,full_detection,10,10,0,10,0,0,5.211874723434448,0.00024247169494628906,0.0,5.432077441000729
97,video_02_frame_000097,True,full_detection,9,9,0,9,0,0,5.1966540813446045,0.0002765655517578125,0.0,5.401031389999844
98,video_02_frame_000098,True,full_detection,10,10,0,10,0,0,5.292146921157837,0.00024318695068359375,0.0,5.529807014998369
99,video_02_frame_000099,True,full_detection,10,10,0,10,0,0,5.40947961807251,0.000225067138671875,0.0,5.643638063000253
100,video_02_frame_000100,True,full_detection,10,10,0,10,0,0,5.239924907684326,0.00022792816162109375,0.0,5.4551808159994835
101,video_02_frame_000101,True,full_detection,10,10,0,10,0,0,5.272526502609253,0.00023412704467773438,0.0,5.51220597900101
102,video_02_frame_000102,True,full_detection,10,10,0,10,0,0,5.299052953720093,0.0002925395965576172,0.0,5.530271700999947
103,video_02_frame_000103,True,full_detection,9,9,0,9,0,0,3.7264888286590576,0.00024056434631347656,0.0,5.486871719000192
104,video_02_frame_000104,True,full_detection,9,9,0,9,0,0,5.13613486289978,0.0003914833068847656,0.0,5.37478922199989
105,video_02_frame_000105,True,full_detection,9,9,0,9,0,0,5.3673200607299805,0.0002732276916503906,0.0,5.576030303000152
106,video_02_frame_000106,True,full_detection,9,9,0,9,0,0,5.387840747833252,0.0002231597900390625,0.0,5.604791588999433
107,video_02_frame_000107,True,full_detection,8,8,0,8,0,0,5.215403079986572,0.00023412704467773438,0.0,5.441729088999637
108,video_02_frame_000108,True,full_detection,8,8,0,8,0,0,5.237096548080444,0.00023865699768066406,0.0,5.453604075999465
109,video_02_frame_000109,True,full_detection,8,8,0,8,0,0,3.787092447280884,0.0001933574676513672,0.0,5.576443043999461
110,video_02_frame_000110,True,full_detection,8,8,0,8,0,0,5.27476692199707,0.0002079010009765625,0.0,5.520311823000156
111,video_02_frame_000111,True,full_detection,8,8,0,8,0,0,5.158063173294067,0.0001685619354248047,0.0,5.355086550998749
112,video_02_frame_000112,True,full_detection,7,7,0,7,0,0,5.27161169052124,0.00016355514526367188,0.0,5.46513124699959
113,video_02_frame_000113,True,full_detection,8,8,1,7,1,1,5.279005765914917,0.0002117156982421875,0.0,6.001069055000698
114,video_02_frame_000114,True,full_detection,8,8,0,8,0,0,5.25759220123291,0.00020051002502441406,0.0,5.458516870001404
115,video_02_frame_000115,True,full_detection,7,7,0,7,0,0,3.704730987548828,0.0001933574676513672,0.0,5.419063262999771
116,video_02_frame_000116,True,full_detection,8,8,0,8,0,0,5.2597815990448,0.00018906593322753906,0.0,5.503506077999191
117,video_02_frame_000117,True,full_detection,9,9,0,9,0,0,5.281804323196411,0.0002429485321044922,0.0,5.487887231998684
118,video_02_frame_000118,True,full_detection,8,8,0,8,0,0,5.391706466674805,0.000213623046875,0.0,5.5873630339992815
119,video_02_frame_000119,True,full_detection,7,7,0,7,0,0,5.335497617721558,0.00018286705017089844,0.0,5.525117287999819
120,video_02_frame_000120,True,full_detection,8,8,0,8,0,0,5.271975517272949,0.0002193450927734375,0.0,5.4904368209990935
121,video_02_frame_000121,True,full_detection,7,7,0,7,0,0,3.997986078262329,0.00017786026000976562,0.0,5.712556102000235
122,video_02_frame_000122,True,full_detection,8,8,0,8,0,0,5.856438636779785,0.00022602081298828125,0.0,6.061407065000822
123,video_02_frame_000123,True,full_detection,8,8,0,8,0,0,6.753791093826294,0.00032806396484375,0.0,7.005097592998936
124,video_02_frame_000124,True,full_detection,8,8,0,8,0,0,5.98450231552124,0.00017881393432617188,0.0,6.213358651999442
125,video_02_frame_000125,True,full_detection,8,8,0,8,0,0,6.325433254241943,0.0001735687255859375,0.0,6.611489058999723
126,video_02_frame_000126,True,full_detection,7,7,0,7,0,0,4.151394367218018,0.00016069412231445312,0.0,5.860582915000123
127,video_02_frame_000127,True,full_detection,8,8,1,7,1,1,5.236260414123535,0.00016880035400390625,0.0,6.077706424999633
128,video_02_frame_000128,True,full_detection,6,6,0,6,0,0,5.189397096633911,0.00018072128295898438,0.0,5.3706043689999206
129,video_02_frame_000129,True,full_detection,7,7,0,7,0,0,5.3586812019348145,0.00046515464782714844,0.0,5.5867819849991065
130,video_02_frame_000130,True,full_detection,8,8,1,7,1,1,5.309363603591919,0.0001742839813232422,0.0,5.99358600999949
131,video_02_frame_000131,True,full_detection,6,6,0,6,0,0,5.535540342330933,0.0001678466796875,0.0,5.701197358999707
132,video_02_frame_000132,True,full_detection,7,7,0,7,0,0,4.4379003047943115,0.0002682209014892578,0.0,6.172474097000304
133,video_02_frame_000133,True,full_detection,9,9,1,8,1,1,5.148247957229614,0.0002129077911376953,0.0,5.729392156999893
134,video_02_frame_000134,True,full_detection,7,7,0,7,0,0,5.176742315292358,0.00019311904907226562,0.0,5.436611033999725
135,video_02_frame_000135,True,full_detection,8,8,0,8,0,0,5.176846981048584,0.00025391578674316406,0.0,5.371907933998955
136,video_02_frame_000136,True,full_detection,6,6,0,6,0,0,5.428516387939453,0.00017523765563964844,0.0,5.600127747999068
137,video_02_frame_000137,True,full_detection,8,8,0,8,0,0,4.287166357040405,0.0001900196075439453,0.0,6.0266161740000825
138,video_02_frame_000138,True,full_detection,7,7,0,7,0,0,5.21820068359375,0.0001590251922607422,0.0,5.41389864499979
139,video_02_frame_000139,True,full_detection,8,8,0,8,0,0,5.267757892608643,0.00017070770263671875,0.0,5.496242821998749
140,video_02_frame_000140,True,full_detection,7,7,0,7,0,0,5.147789239883423,0.0001678466796875,0.0,5.339115476999723
141,video_02_frame_000141,True,full_detection,7,7,0,7,0,0,5.253252267837524,0.00022363662719726562,0.0,5.455258308998964
142,video_02_frame_000142,True,full_detection,7,7,0,7,0,0,5.169368028640747,0.00016808509826660156,0.0,5.356744135000554
143,video_02_frame_000143,True,full_detection,7,7,0,7,0,0,3.7704477310180664,0.00016021728515625,0.0,5.539063210000677
144,video_02_frame_000144,True,full_detection,7,7,0,7,0,0,5.296694755554199,0.00013566017150878906,0.0,5.480174047999753
145,video_02_frame_000145,True,full_detection,8,8,1,7,1,1,5.197309970855713,0.00015616416931152344,0.0,5.797024819001308
146,video_02_frame_000146,True,full_detection,8,8,0,8,0,0,5.139062881469727,0.0001747608184814453,0.0,5.337696945998687
147,video_02_frame_000147,True,full_detection,8,8,0,8,0,0,5.2733941078186035,0.00017547607421875,0.0,5.4761808660005045
148,video_02_frame_000148,True,full_detection,8,8,0,8,0,0,5.337987899780273,0.0001628398895263672,0.0,5.538199583001187
149,video_02_frame_000149,True,full_detection,8,8,0,8,0,0,3.8338937759399414,0.0002033710479736328,0.0,5.570774616000563
150,video_02_frame_000150,True,full_detection,7,7,0,7,0,0,5.189330816268921,0.00018739700317382812,0.0,5.375818112999696
151,video_02_frame_000151,True,full_detection,7,7,0,7,0,0,5.1987762451171875,0.000164031982421875,0.0,5.387075737000487
152,video_02_frame_000152,True,full_detection,7,7,0,7,0,0,5.229437828063965,0.00016641616821289062,0.0,5.412799117999384
153,video_02_frame_000153,True,full_detection,7,7,0,7,0,0,5.2090394496917725,0.00015592575073242188,0.0,5.412736236001365
154,video_02_frame_000154,True,full_detection,6,6,0,6,0,0,5.233757972717285,0.00013136863708496094,0.0,5.406866744000581
155,video_02_frame_000155,True,full_detection,7,7,0,7,0,0,3.7629902362823486,0.000133514404296875,0.0,5.480587182999443
156,video_02_frame_000156,True,full_detection,8,8,1,7,1,1,5.2863757610321045,0.00018835067749023438,0.0,5.892940473000635
157,video_02_frame_000157,True,full_detection,8,8,0,8,0,0,5.2705347537994385,0.0001773834228515625,0.0,5.470205187000829
158,video_02_frame_000158,True,full_detection,8,8,0,8,0,0,5.1546454429626465,0.0001990795135498047,0.0,5.356084787999862
159,video_02_frame_000159,True,full_detection,8,8,0,8,0,0,5.104280948638916,0.00015997886657714844,0.0,5.31822500799899
160,video_02_frame_000160,True,full_detection,8,8,0,8,0,0,5.13480281829834,0.00017189979553222656,0.0,5.348909866001122
161,video_02_frame_000161,True,full_detection,7,7,0,7,0,0,3.8396432399749756,0.00019240379333496094,0.0,5.560349583998686
162,video_02_frame_000162,True,full_detection,7,7,0,7,0,0,5.285332441329956,0.00016808509826660156,0.0,5.481085746001554
